#forward primer,reverse primer,pmid,doi,url,target,coordinates,description,genbanks,sra,comments,,
CGGGGYGCASCAGGGGCGAA,GTGCTCCCCCGCCAATTCCT,21655270,,,16S,,Top 3-4 millimetres of the soil comprising the biological soil crust at an arid site located in the northern Negev Desert in Israel,,,,,
GTAAACGATRYTCGCTAGGT,GGTCCCCACAGWGTACC,21655270,,,16S,,Top 3-4 millimetres of the soil comprising the biological soil crust at an arid site located in the northern Negev Desert in Israel,,,Targeted at Methanosarcinales,,
ATCMGTACGGGTTGTGGG,CACCTAGCGRGCATCGTTTAC,21655270,,,16S,,Top 3-4 millimetres of the soil comprising the biological soil crust at an arid site located in the northern Negev Desert in Israel,,,Targeted at Methanocella,,
GGYGGTGTMGGDTTCACMCARTA,CGTTCATBGCGTAGTTVGGRTAGT,21655270,,,McrA,,Top 3-4 millimetres of the soil comprising the biological soil crust at an arid site located in the northern Negev Desert in Israel,HQ269296-HQ269341,,,,
AAGCCACACACATAGACGTC,CATGATCATGTGGGCGTTCT,21655270,,,KatE,,Top 3-4 millimetres of the soil comprising the biological soil crust at an arid site located in the northern Negev Desert in Israel,,,Targeted at Methanocella arvoryzae,,
CAATTAGGTGAGCCGCTTCC,CCGCGGTCACCCATAATAAT,21655270,,,KatE,,Top 3-4 millimetres of the soil comprising the biological soil crust at an arid site located in the northern Negev Desert in Israel,HQ413651-HQ413677,,Targeted at Methanosarcina mazei,,
TCYSGTTGATCCTGCS,GGTTACCTTGTTACGACTT,16872409,,,16S,,,,,,,
TCYGKTTGATCCYGSCRGAG,TGGGTCTCGCTCGTTG,9406392,,,16S,,"Sediment cores (25 cm in length and 10 cm in diameter) were taken in October 1994 from two sites in the Colne Point Salt Marsh located in northeast Essex, United Kingdom",,,,,
AGGAATTGGCGGGGGA,TGACTGACTGAGGYTACCTTGTTACGACTT,12833210,,,16S,,"West Siberian bog, mire in Japan",AB055983-AB056058,,,,
AAACTYAAAKGAATTGRCGG,ACGGGCGGTGTGTRC,22056985,,,16S,,,,,"Presumed 926f primer, as while the methods say that the 926f/1192r primer was used as in Kunin et al, only the 1192r primer is discussed there, not 926f",,
AAACTYAAAKGAATTGRCGG,ACGGGCGGTGTGTRC,22267671,,,16S,,haloarchaeal bloom in the hypersaline Dead Sea in 1992 were analyzed together with the 2007 residual population and simulated blooms in experimental mesocosms,,SRA049809,,,
AAACTYAAAKGAATTGRCGG,ACGGGCGGTGTGTRC,21856836,,,16S,,planktonic samples of transported water and for sessile samples of pipe-associated solids (PAS) scraped from pipeline cutouts representing corrosion failures,,SRP005237,,,
AAACTYAAAKGAATTGRCGG,ACGGGCGGTGTGTRC,22029695,,,16S,,,,,No sequences available,,
GYGCASCAGKCGMGAAW,GGACTACVSGGGTATCTAAT,15574947,,,16S,,,,,Targeted at Archaea,,
AGGCAGCAGTDRGGAAT,GGACTACYVGGGTATCTAAT,15574947,,,16S,,,,,Targeted at Bacteria,,
CGMATGCARATHGGWATGTC,TCATKGCRTAGTTDGGRTAGT,15574947,,,McrA,,,,,,,
GCTGTGTAGCAGGAGAGTCA,GATTATCAGGTCACGCTCAC,15574947,,,McrA,,,,,Targeted at ANME,,
GGNGACTGGGACTTCTGG,GAASGCNGAGAAGAASGC,15574947,,,pmoA,,,,,,,
GGCTCCAAGTTCAAGGTCGAGC,TGGCACTCGTAGCGCTCCGGCTCG,15574947,,,mmoX,,,,,,,
GCGGCACCAACTGGGGCTGGT,GGGCAGCATGAAGGGCTCCC,15574947,,,mxaF,,,,,,,
AGAGTTTGATCMTGGC,TACCTTGTTACGACTT,15811991,,,16S,"05°52.8134′S, 009°37.9419′E","muscle gill tissue from a depth of 3150m, equatorial east Atlantic",,,Targeted at Bacteria,,
AGAGTTTGATCMTGGC,TACCTTGTTACGACTT,7545384,,,16S,,hydrothermal vent microbial communities,,,,,
CCTACGGGAGGCAGCAG,CCGTCAATTCCTTTRAGTTT,,10.1016/j.margeo.2005.02.023,,16S,,"Four methane-related carbonate crusts covered with microbial mats, and sediments (‘mud breccia’) from  mud volcanoes in the euxinic bottom waters of the Sorokin Trough (NE Black Sea).",,,Targeted at Bacteria,,
CAGCCGCCGCGGTAA,GTGCTCCCCCGCCAATTCCT,,10.1016/j.margeo.2005.02.023,,16S,,"Four methane-related carbonate crusts covered with microbial mats, and sediments (‘mud breccia’) from  mud volcanoes in the euxinic bottom waters of the Sorokin Trough (NE Black Sea).",,,Targeted at Archaea,Reverse primer ARC915r taken from http://www.ncbi.nlm.nih.gov/pmc/articles/PMC1489 303/ since I don't have the real reference (a book),"No methanogens, only ANME"
TCCGGTTGATCCTGCC,GTGCTCCCCCGCCAATTCCT,16820449,,,16S,,"deep marine subsurface sediments from Peru Margin site 1227, Ocean Drilling Program leg 201. ",,,,,
TCCGGTTGATCCTGCC,GGTDTTACCGCGGCKGCTG,16820449,,,16S,,"deep marine subsurface sediments from Peru Margin site 1227, Ocean Drilling Program leg 201. ",,,,,
GGSATAACCYCGGGAAAC,GCGAGTTACAGCCCWCRA,11137602,,,16S,,,,,,,
ACKGCTCAGTAACACGT,GTGCTCCCCCGCCAATTCCT,9501436,,,16S,,methanogenic community in anoxic rice paddy soil microcosms,,,This primer pair was used for amplification and sequencing,,
GCTCAGTAACACGTGG,TTACCGCGGCGGCTGGCA,9501436,,,16S,,methanogenic community in anoxic rice paddy soil microcosms,,,"This primer pair was only used for sequencing, not amplicification",,
AGAGTTTGATCMTGGCTCAG,AAGGAGGTGATCCANCCRCA,19709302,,,16S,"40°35.4′N, 105°10.3′W","Horsetooth Reservoir in Fort Collins, CO, USA is fully stratified and exhibits seasonally high fluxes of iron, manganese, and metal-rich particles into the water column. Particles were collected from the mid-region of the hypolimnion",,,Targeted at Bacteria,,
TTCCGGTTGATCCYGCCGGA,YCCGGCGTTGAMTCCAATT,19709302,,,16S,"40°35.4′N, 105°10.3′W","Horsetooth Reservoir in Fort Collins, CO, USA is fully stratified and exhibits seasonally high fluxes of iron, manganese, and metal-rich particles into the water column. Particles were collected from the mid-region of the hypolimnion",,,Targeted at Archaea,,
AGAGTTTGATCCTGGCTCAG,TTACCGCGGCTGCTGGCAC,,10.1016/j.ejsobi.2011.08.006,,16S,,,,SRA036600,,,
ATTAGATACCCNGGTAG,GNTACCTTGTTACGACTT,18043639,,,16S,,"Distrophic oxisol soil in Brazil, euic, hyperthermic lithic haplosaprist soil in Florida, Mesic aquic argiudoll soil in Illinois, Dystric brunisol soil in Canada",,,,,
AGAGTTTGATCCTGGCTCAG,TGCTGCCTCCCGTAGGAGT,19502440,,,16S,,,,,Primer pair taken from http://www.pnas.org/content/105/46/17994.full,,
GTGCCAGCMGCCGCGG,CCGTCAATTCMTTTRAGTTT,22592820,,,16S,,"Forest soil and Tea orchid soil, Zhejiang province, China",,DRX001436,,,
aaactYaaaKgaattgRcgg,acgggcggtgtgtRc,22616650,,,16S,"28.6746°N, 88.3298°W",Enriched for hydrocarbon-degrading bacteria from deep uncontaminated waters in the Gulf of Mexico,,SRA049463,,,
agagtttgatcMtggctcag,ctgctgcSYcccgtag,20090784,,,16S,,termite hindgut,,SRA009438,,,
agagtttgatcMtggctcag,gWattaccgcggcKgctg,20090784,,,16S,,termite hindgut,,,,,
agagtttgatcMtggctcag,ctaccagggtatctaat,20090784,,,16S,,termite hindgut,,,,,
agagtttgatcMtggctcag,ccgtcaattcMtttRagttt,20090784,,,16S,,termite hindgut,,,,,
agagtttgatcMtggctcag,gggttgcgctcgttg,20090784,,,16S,,termite hindgut,,,,,
agagtttgatcMtggctcag,acgggcggtgtgtRc,20090784,,,16S,,termite hindgut,,,,,
agagtttgatcMtggctcag,acgggcggtgtgtRc,20090784,,,16S,,termite hindgut,,,,,
ctcctacgggaggcagcag,acgggcggtgtgtRc,20090784,,,16S,,termite hindgut,,,,,
attagataccctggtagtc,acgggcggtgtgtRc,20090784,,,16S,,termite hindgut,,,,,
aaactYaaaKgaattgacgg,acgggcggtgtgtRc,20090784,,,16S,,termite hindgut,,,,,
gcaacgagcgcaaccc,acgggcggtgtgtRc,20090784,,,16S,,termite hindgut,,,,,
AGAGTTTGATCCTGGCTCAG,GGTTACCTTGTTACGACTT,20736401,,,16S,,Gulf of Mexico oil plume,,,Used PhyloChip,,
TCCGGTTGATCCTGCCRG,GGTTACCTTGTTACGACTT,20736401,,,16S,,Gulf of Mexico oil plume,,,Used PhyloChip,,
CAACGCGAAGAACCTTACC,CGACAGCCATGCANCACCT,21412346,,,16S,"42.759 N, 70.891 W",fertilization experiment located at the Plum Island Ecosystem (PIE) Long-Term Ecological Research Station in eastern Massachusetts,,SRP004028,Primers taken from 16880384 as referenced,,
CAACGCGAAGAACCTTACC,CGACAGCCATGCANCACCT,16880384,,,16S,,"344 samples from different depths (80–4,500 m) and locations (latitude, 63°N to 35°N) in the oceanic conveyor belt following the western and eastern branches of the North Atlantic Deep Water from near its source of formation in the Greenland–Iceland Norwegian Sea to the Azores and Bermuda and deep water masses of the North Atlantic. ",,,,,
agagtttgatcctggctcag,ggttaccttgttacgactt,21057783,,,16S,"6°5′ N, 101°58′ E","Pru Toh Daeng peat swamp forest in Narathiwat province, southern Thailand",,,"Has SRA entry, but that is not an amplicon study",,
GGTGGTGTMGGATTCACACARTAYGCWACAGC,TTCATTGCRTAGTTWGGRTAGTT,21057783,,,McrA,,,,,,,
GGTGGTGTMGGATTCACACARTAYGCWACAGC,TTCATTGCRTAGTTWGGRTAGTT,12427943,,,McrA,,,AF414034–AF414051 (see Fig. 2) and AF414007–AF414033 (enviro,,,,
ATTAGATACCCIGGTAG,GITACCTTGTTACGACTT,22570118,,,16S,,Soil from Brazilian Savanna-Like Vegetation,,SRA029260,,,
"# primers not obvious, no sequence available",,22565256,,,,,"The samples of source soil and wind-eroded sediments that were collected for testing were obtained during fieldwork with the wind tunnel in September 2010, after the growing season, and conducted on two commercial grower fields in Newaygo County, Michigan",,,No sequences available,,
GTGCCAGCAGCCGC,CCCGTCAATTYMTTTGAGTT,22562988,,,16S,,,,,No sequences available,,
GAG TTT GAT YMT GGC TC,GWA TTA CCG CGG CKG CTG,22519974,,,16S,,Arctic ice wedge,JN217243–JN219938,,Targeted at Bacteria,,
CCC TAC GGG GCG CAG CAG,GGA CTA CCA GGG TAT CTA AT,22519974,,,16S,,Arctic ice wedge,JN219939–JN221485,,Targeted at Archaea,,
# using primers targeting the regions between 947 and 1046 of the 16S rRNA gene (according to the E. coli numbering scheme),,22378536,,,16S,,,,,No sequences available,Direct quote: “All sequences ... were deposited in the [SRA] under the accession number .”,
CAACGCGAAGAACCTTACC,CGACAGCCATGCANCACCT,22370343,,,16S,,,,SRA009281,,,
aaactYaaaKgaattgacgg,acgggcggtgtgtRc,22354956,,,16S,,,,,No sequences available,,
ATTAGATACCYTGTAGTCC,ACGAGCTGACGACARCCATG,22307291,,,16S,,,,SRA029325.1,,,
ATTAGATACCYTGTAGTCC,ACGAGCTGACGACARCCATG,22307291,,,16S,,,,SRA029106.2,,,
"# primers not obvious, no sequence available",,22419103,,,16S,,,,,No sequences available,,
GTGCCAGCMGCCGCGG,CCGTCAATTCMTTTRAGTTT,22307288,,,16S,,,,,No sequences available,,
TAYGTSGGSCARGARAA,TTYTCRTACCABGTBGC,22134649,,,narG,,,,ERA062401,,,
ATCATGGTSCTGCCGCG,GCCTCGATCAGRTTGTGGTT,22134649,,,nirK,,,,ERA062401,,,
GTSAACGTSAAGGARACSGG,GASTTCGGRTGSGTCTTGA,22134649,,,NirS,,,,ERA062401,,,
CGCTGTTCITCGACAGYCAG,ATGTGCAKIGCRTGGCAGAA,22134649,,,nosZ,,,,ERA062401,,,
GTGCCAGCMGCCGCGGTAA,GGACTACVSGGGTATCTAAT,22134642,,,16S,,,,,No sequences available,primers taken from 22267877,
GTGCCAGCMGCCGCGGTAA,GGACTACVSGGGTATCTAAT,22267877,,,16S,,,,,No sequences available,,
CAACGCGAAGAACCTTACC,CGACAGCCATGCANCACCT,22096595,,,16S,,,,SRX063207,,,
AYTGGGYDTAAAGNG,TACCRGGGTHTCTAATCC,22092776,,,16S,,fecal bacteria communities of forage-fed horses,,SRA039855,,,
AYTGGGYDTAAAGNG,TACNVGGGTATCTAATCC,22092776,,,16S,,fecal bacteria communities of forage-fed horses,,,,,
AYTGGGYDTAAAGNG,TACCAGAGTATCTAATTC,22092776,,,16S,,fecal bacteria communities of forage-fed horses,,,,,
AYTGGGYDTAAAGNG,CTACDSRGGTMTCTAATC,22092776,,,16S,,fecal bacteria communities of forage-fed horses,,,,,
AYTGGGYDTAAAGNG,TACCRGGGTHTCTAATCC,,10.1007/s12155-009-9073-7,,16S,,,,,No sequences available,,
AYTGGGYDTAAAGNG,TACNVGGGTATCTAATCC,,10.1007/s12155-009-9073-7,,16S,,,,,No sequences available,,
AYTGGGYDTAAAGNG,TACCAGAGTATCTAATTC,,10.1007/s12155-009-9073-7,,16S,,,,,No sequences available,,
AYTGGGYDTAAAGNG,CTACDSRGGTMTCTAATC,,10.1007/s12155-009-9073-7,,16S,,,,,No sequences available,,
AYTGGGYDTAAAGNG,TACCRGGGTHTCTAATCC,21371219,,,16S,,Community structure and population dynamics of spinach phylloepiphytic bacteria associated with packaging and refrigeration of ready-to-eat fresh produce,,SRA012571.11,,,
AYTGGGYDTAAAGNG,TACNVGGGTATCTAATCC,21371219,,,16S,,Community structure and population dynamics of spinach phylloepiphytic bacteria associated with packaging and refrigeration of ready-to-eat fresh produce,,,,,
AYTGGGYDTAAAGNG,TACCAGAGTATCTAATTC,21371219,,,16S,,Community structure and population dynamics of spinach phylloepiphytic bacteria associated with packaging and refrigeration of ready-to-eat fresh produce,,,,,
AYTGGGYDTAAAGNG,CTACDSRGGTMTCTAATC,21371219,,,16S,,Community structure and population dynamics of spinach phylloepiphytic bacteria associated with packaging and refrigeration of ready-to-eat fresh produce,,,,,
GAGTTTGATYMTGGCTC,ATTACCGCGGCTGCTGGC,21938020,,,16S,,,HM641909-HM744649,,,,
AGAGTTTGATCMTGGCTCAG,GGTTACCTTGTTACGACTT,21935454,,,16S,,,,SRA023700,,,
TGC GAY CCS AAR GCB GAC TC,ATS GCC ATC ATY TCR CCG GA,21935454,,,nifH,,,,,,,
STA ATG GTC TGG CTT AGA CG,GCG GCC ATC CAT CTG TAT GT,21935454,,,amoA,,,,,Targeted at Archaea,,
GGG GTT TCT ACT GGT GGT,CCC CTC KGS AAA GCC TTC TTC,21935454,,,amoA,,,,,Targeted at Bacteria,,
CGY TGT TCM TCG ACA GCC AG,CGS ACC TTS TTG CCS TYG CG,21935454,,,nosZ,,,,,,,
GTG CCA GCM GCC GCG G,CCG TCA ATT CMT TTR AGT TT,22592820,,,16S,,,,,The nucleotide sequences of archaeal amoA genes have been deposited in the DDBJ with accession numbers from to .,"Slight modification was made by PCR amplifying the 16S rRNA genes with the universal primers 515F and 907R extended as amplicon fusion primers using the respective primer A or B adapters, key sequence and taq sequence, as previously described (Xia et al., 2011).”  … However the 515 and 907 primers described in Xia et al are only for Bacteria, not Archaea",
GTG CCA GCM GCC GCG G,CCG TCA ATT CMT TTR AGT TT,21326337,,,16S,,,,,Targeted at Bacteria,,
GCT TTC RTC CCT CAC CGT,TGG ATT GGA CTG CGK CCG AT,21326337,,,16S,,,,,Targeted at Archaea,,
GTG CCA GCA GCC GC,CCC GTC AAT TYM TTT GAG TT,21912695,,,16S,,,FR854236-FR854290,,,,
GTGCCAGCMGCCGCGGTAA,GGACTACVSGGGTATCTAAT,21900968,,,16S,,"151 soil samples distributed across North and South America, and Antarctica",,,No sequences available,,
CCTACGGGRBGCASCAG,GGACTACYVGGGTATCTAAT,21886785,,,16S,,,,SRA036586,,,
"# many primer sets, no sequences available",,15696537,,,16S,,,,,No sequences available,,
GAGTTTGATCMTGGCTCAG,WTTACCGCGGCTGCTGG,21890678,,,16S,,,,,Targeted at Bacteria,,
TCCGGTTGATCCYGCCGG,GGTDTTACCGCGGCKGCTG,21890678,,,16S,,,,,Targeted at Archaea,No sequences available,
CCTACGGGAGGCAGCAG,CCGTCAATTCCTTTGAGTTT,21753801,,,16S,,,FQ670205-FQ790206,,,,
"# Uses primer sets from another publication, no sequences available",,21764952,,,16S,,,,,No sequences available,,
AGAGTTTGATCCTGGCTCAG,TGCTGCCTCCCGTAGGAGT,21368115,,,16S,,,,SRA029112,,,
AYTGGGYDTAAAGNG,TACCRGGGTHTCTAATCC,21706171,,,16S,,,,,,,
AYTGGGYDTAAAGNG,TACCAGAGTATCTAATTC,21706171,,,16S,,,,,,,
AYTGGGYDTAAAGNG,CTACDSRGGTMTCTAATC,21706171,,,16S,,,,,,,
AYTGGGYDTAAAGNG,TACNVGGGTATCTAATCC,21706171,,,16S,,,,SRA026842.2,,,
GTG CCA GCM GCN GCG G,GGG TTN CGN TCG TTG,21622786,,,16S,,,,SRA028937.1,,,
GTG CCA GCM GCN GCG G,GGG TTN CGN TCG TTG,18652685,,,16S,,,,,No sequences available,,
"# Primers 338F and 518R don't seem to appear in the referenced Muyzer et al paper, no sequences available",,21602366,,,16S,,,,,No sequences available,,
aaactYaaaKgaattgacgg,acgggcggtgtgtRc,21559391,,,16S,,,,,No sequences available,,
# Primers not well described,,21551285,,,16S,,,,,No sequences available,,
"# Primers from another publication, no sequences available",,21520015,,,16S,,,,,No sequences available,,
GAGTTTGATYMTGGCTC,ATTACCGCGGCTGCTGGC,21498745,,,16S,,,JF358018-JF409700,,,,
AAYACNGCNCAYGARCTNGGNCAYAA,GCRTGRTGRTCNGARTGNCGYTG,21498745,,,alkB,,,,,,,
CCTACGGGAGGCAGCAG,CCCCGTCAATTCCTTTGAGTTT,21510867,,,16S,,,,SRX040888,,,
CCTACGGGAGGCAGCAG,ATTACCGCGGCTGCTGG,21460107,,,16S,,,,SRA024100,,,
# 27f and 1492r,,21460107,,,16S,,,JF508183-JF508359,,Don't have access to this book,,
AGTGGCGGACGGGTGAGTAA,CGTATTACCGCGGCTGCTG,21359220,,,16S,,,,SRA022075,,,
AGAGTTTGATCCTGGCTCAG,TGCTGCCTCCCGTAGGAGT,21369833,,,16S,,,,SRP002354,,,
AGAGTTTGATCCTGGCTCAG,TGCTGCCTCCCGTAGGAGT,18264105,,,16S,,,,,No sequences available,,
# Primers not well described,,21457733,,,16S,,,,,No sequences available,,
GAGTTTGATCNTGGCTCAG,GTNTTACNGCGGCKGCTG,21243351,,,16S,,,,SRA020746,,,
GTGCCAGCMGCCGCGGTAA,GGACTACVSGGGTATCTAAT,21085198,,,16S,,,,,No sequences available,,
GTGCCAGCMGCCGCGGTAA,GACGGGCGGTGWGTRCA,21048802,,,16S,,,,,No sequences available,,
GTGCCAGCMGCCGCGGTAA,GACGGGCGGTGWGTRCA,19502432,,,16S,,,"FJ746985-FJ747245, FJ747246-FJ747530",,,,
GTGCCAGCMGCCGCGGTAA,GACGGGCGGTGWGTRCA,15769858,,,16S,,,AY897621-AY898248,,,,
CCGTCAATTCCTTTRAGTTT,GACGGGCGGTGWGTRCA,15769858,,,16S,,,,,,,
AGAGTTTGATCCTGGCTCAG,GACGGGCGGTGWGTRCA,15769858,,,16S,,,,,,,
GTGCCAGCMGCCGCGGTAA,GCACACAGGCCACAAGGG,15769858,,,16S,,,,,,,
GTGCCAGCMGCCGCGGTAA,CATGCACCACCTGCACACAG,15769858,,,16S,,,,,,,
AGTGGCGGACGGGTGAGTAA,CGTATTACCGCGGCTGCTG,20729324,,,16S,,,,SRA020168.1,,,
CNACGCGAAGAACCTTANC,CGACAGCCATGCANCACCT,20937143,,,16S,,,,SRA001401,,,
AYTGGGYDTAAAGVG,TACNVGGGTATCTAATCC,20729318,,,16S,,,,ERP000261,,,
TTCCGGTTGATCCTGCCGGA,GGTTACCTTGTTACGACTT,20668488,,,16S,,,HM103738-HM103902,SRA012098,Targeted at archaea,,
GGCTCAGTAACACGTGGA,GGTTACCTTGTTACGACTT,20668488,,,16S,,,,,Targeted at archaea,,
AGAGTTTGATCCTGGCTCAG,GGTTACCTTGTTACGACTT,20668488,,,16S,,,HM103523-HM103737,,Targeted at Bacteria,,
CAGGCCTAACACATGCAAGTC,GGTTACCTTGTTACGACTT,20668488,,,16S,,,,,Targeted at Bacteria,,
CTCAARGAYTAAGCCATGCA,CACCTACGGAAACCTTGTTA,20668488,,,SSU,,,HM103388-HM103522,,Targeted at Eukarya,,
GAAACTGCGAATGGCTC,CACCTACGGAAACCTTGTTA,20668488,,,SSU,,,,,Targeted at Eukarya,,
TCAGAGTTTGATCCTGGCTCAG,CACCGCGGCKGCTGGCAC,20566210,,,16S,,,,SRA009753,,,
TTAGCATGGAATAATRRAATAGGA,TCTGGACCTGGTGAGTTTCC,20445636,,,18S,,,,,No sequences available,,
AGAGTTTGATCMTGGCTCAG,TCTGCTGCCTCCCGTAGGAGT,20414647,,,16S,,,"GU786072-GU787071, GU788072-GU789071, GU790072-GU791071, GU789072-GU790070, GU785072-GU786071, GU787072-GU788071, GU791072-GU792071, GU792072-GU793071, GU793072-GU794071, GU794072-GU795071, GU795072-GU796071, GU796072-GU797071, ",,,,
AGAGTTTGATCCTGGCTCA,TGCTGCCTCCCGTAGGAGT,20412303,,,16S,,,,SRA012078.1,,,
"# 563F and 802R, not obvious exactly what these are",,20357834,,,16S,,,"GU018184-GU020559, GU020561-GU021957, GU021959-GU022991, GU022993-GU025964, GU025966-GU028543, GU028545-GU034810, GU034812-GU035406, GU035408-GU035688, GU035690-GU035798, GU035800-GU036160, GU036162-GU036668, GU036670-GU037879, GU037881-GU037983, GU037985-GU039799, GU039801-GU040384, GU040386-GU041302, GU041304-GU042193, GU042195-GU042423 and GU042425-GU045268",,,,
AGAGTTTGATCCTGGCTCAG,CATGCTGCCTCCCGTAGGAGT,20331770,,,16S,74–81 °N; 10–35 °E,,,SRX017110,,,
GTG CCA GCM GCC GCG GTA A,GAC GGG CGG TGW GTR CA,20298146,,,16S,,,FJ484010–FJ485598,,,,
GTG CCA GCM GCC GCG GTA A,GGT TAC CTT GTT ACG ACT T,20298146,,,16S,,,,,,,
AGA GTT TGA TCC TGG CTC AG,GAC GGG CGG TGW GTR CA,20298146,,,16S,,,,,,,
AGA GTT TGA TCC TGG CTC AG,GGT TAC CTT GTT ACG ACT T,20298146,,,16S,,,,,,,
TCC GGT TGA TCC TGC CRG,GAC GGG CGG TGW GTR CA,20298146,,,16S,,,,,,,
TCC GGT TGA TCC TGC CRG,GGT TAC CTT GTT ACG ACT T,20298146,,,16S,,,,,,,
TTC CGG TTG ATC CYG CCG GA,GAC GGG CGG TGW GTR CA,20298146,,,16S,,,,,,,
TTC CGG TTG ATC CYG CCG GA,GGT TAC CTT GTT ACG ACT T,20298146,,,16S,,,,,,,
AGA GTT TGA TCC TGG CTC AG,CAT GCT GCC TCC CGT AGG AGT,20298146,,,16S,,,,SRA008128.3,,,
GTGCCAGCMGCCGCGG,CCGTCAATTCMTTTRAGTTT,20337697,,,16S,,,,,No sequences available,,
ACTCCTACGGGAGGCAGC,GWATTACCGCGGCKGCTG,20236166,,,16S,,,GU339540–GU343711,,,,
AGAGTTTGATCCTGGCTCAG,TGCTGCCTCCGTAGGAGT,20097807,,,16S,,,,,No sequences available,Forward primer 27F taken from 19004758,
GTG CCA GCM GCN GCG G,GGG TTN CGN TCG TTG,20130657,,,16S,,,,SRA009427.2,Primers 530F and 1100R taken from http://dx.doi.org/10.1016/j.soilbio.2008.07.022,,
#27F and 1492R,,20130657,,,16S,,,GQ893028-GQ894720,,Don't have access to this book,,
GTG CCA GCM GCN GCG G,GGG TTN CGN TCG TTG,,10.1016/j.soilbio.2008.07.022,,16S,,,,,No sequences available,,
GAG TTT GAT CNT GGC TCA G,GTN TTA CNG CGG CKG CTG,21211038,,,16S,,,,,No sequences available,,
CAACGCGAAGAACCTTACC,CGACAGCCATGCANCACCT,20105215,,,16S,,,,SRP001013,,,
GTTTCCGTAGGTGAACCTGC,ATATGCTTAAGTTCAGCGGGT,19854857,,,ITS,,,,,,,
AGAGTTTGATCMTGGCTCAG,TCTGCTGCCTCCCGTAGGAGT,19854857,,,16S,,,,,No sequences available,,
AACTGGAARTTYGCIGCVGA,ACCCAGTTYTCICCRTCGTC,19776767,,,aromatic dioxygenase genes,,,,ERA000082,,,
TACACACCGCCCGT,RGMAACCTTGTACGACTT,19626056,,,16S,,,,,No sequences available,Unable to access supplementary materials,
# 563F and 802R ,,19561189,,,16S,,,"FJ240440-FJ247115, FJ250290-FJ261916, GQ217543-GQ219563",,,,
AGAGTTTGATCCTGGCTCAG,TGCTGCCTCCCGTAGGAGT,19129864,,,16S,,,FJ165555–FJ167342,,,,
"27F primer with a Roche 454 A pyrosequencing adapter, while the 338R",,19502440,,,16S,,,,,No sequences available,,
GNTACCTTGTTACGACTT,ATTAGATACCCNGGTAG,18043639,,,16S,,,,,,,
# Too complicated for me right now,,16915287,,,"16S, amo",,,,,,,
# Unclear what primers were used,,19011059,,,"nirS, nirK, nosK",,,EU910852 to EU910860,,,,
CCTACGGAGGCAGCAG,ATTACGGCTGCTGG,22169813,,,,,,,,No sequence data available,,
# Unclear what primers were used,,22592821,,,,,,,,"""The nucleotide sequences have been deposited to NCBI Short Read Archive under the accession number of .""",No sequence data available,
AGAGTTTGATCMTGGCTCAG,ACGGGCGGTGTGTRC,22429394,,,16S,,,,SRP005485,,,
ATGCTTAACACATGCAAGTCGAACG,CCACTGGTGTTCCTTCMGAT,22429394,,,16S,,,,,Targeted at Type I methanotrophs,,
GGGAMGATAATGACGGTACCWGGA,GTCAARAGCTGGTAAGGTTC,22429394,,,16S,,,,,Targeted at Type II methanotrophs,,
GCGGCACCAACTGGGGCTGGT,CATGAABGGCTCCCARTCCAT,22429394,,,maxF,,,,,,,
GGNGACTGGGACTTCTGG,GAASGCNGAGAAGAASGC,22429394,,,amoA/pmoA,,,,,,,
GGNGACTGGGACTTCTGG,CCGGMGCAACGTCYTTACC,22429394,,,pmoA,,,,,,,
ATCGCBAARGAATAYGCSCG,ACCCANGGCTCGACYTTGAA,22429394,,,mmoX,,,,,,,
CGGTCCGCTGTGGAAGGGCATGAAGCGCGT,GGCTCGACCTTGAACTTGGAGCCATACTCG,22429394,,,mmoX,,,,,,,
GGCTCCAAGTTCAAGGTCGAGC,TGGCACTCGTAGCGCTCCGGCTCG,22429394,,,mmoX,,,,,,,
cct acg gga ggc agc ag,ggt gtt cct tca gat ctc,,10.1016/j.orggeochem.2004.06.009,,16S,"68°24′S, 78°11′E",Methane lake in Antarctica,AY291536–AY291564,,,,
cct acg gga ggc agc ag,atg acc aac atc tag tat t,,10.1007/1-4020-4297-3_03,,16S,"68◦24’S, 78◦ 11’E","Ace Lake in the Vestfold Hills of eastern Antarctica (68◦24’S, 78◦ 11’E) is a shallow saline meromictic lake with a maximum depth of 25 m",AY303358-AY665401,,,,
CAG CCG CCG CGG TAA,GTG CTC CCC CGC CAA TTC CT ,,,,16S,,,"AY847616, AY847617, AY847618, AY847619, AY847620, AY847621, AY847622, AY847623 and AY847624 and AY847598, AY847599, AY847600, AY847601, AY847602, AY847603, AY847604, AY847605, AY847606, AY847607, AY847608, AY847609, AY847610, AY847611, AY847612, AY847613, AY847614 and AY847615, ",,Targeted at archaea,Reverse primer taken from http://www.nature.com/ismej/journal/v2/n1/fig_tab/ismej200790t1.html#figure-title,
CCT ACG GGA GGC AGC AG,CCG TCA ATT CCT TTR AGT TT,,,,16S,,,,,Targeted at Bacteria,,
GTGCCAGCMGCCGCGG,TACGGYTACCTTGTTACGACTT,11220308,,,16S,,,"AF142783-AF142985, AF146228-AF146268",,,,
# primers from a different publication,,11683867,,,16S,,,,,,,
TTCCGGTTGATCCYGCCGGA,GGTTACCTTGTTACGACT,,10.1016/j.dsr2.2007.07.002,,16S,,,EF069336–EF069388,,,,
GAGASTTGATCMTGGCTCAG,AAGGAGGTGATCCAGCC,12788715,,,16S,,,"AY177805-AY177815, AY187063, AY177788-AY177804. ",,,,
AACGCG AAG AAC CTT AC,CGG TGT GTA CAA GAC CC,20357834,,,16S,,,"GU018184-GU020559, GU020561-GU021957, GU021959-GU022991, GU022993-GU025964, GU025966-GU028543, GU028545-GU034810, GU034812-GU035406, GU035408-GU035688, GU035690-GU035798, GU035800-GU036160, GU036162-GU036668, GU036670-GU037879, GU037881-GU037983, GU037985-GU039799, GU039801-GU040384, GU040386-GU041302, GU041304-GU042193, GU042195-GU042423 and GU042425-GU045268",,Targeted at Bacteria,,
CAACGCGAAGAACCTTACC,CGACAGCCATGCANCACCT,20132284,,,16S,,,,SRP001208,Primers taken from 16880384,,
AGAGTTTGATCCTGGCTCAG,AGAGTTTGATCCTGGCTCAG,,10.1016/j.proeng.2011.11.054,,16S,,,,,No sequences available,,
GGATTAGAWACCCBGGTAGTC,GACGGGCRGTGWGTRCA,,,,16S,,,HM990023 to HM990100,,,,
AATTGGANTCAACGCCGG,CGRCGGCCATGCACCWC,17916733,,,16S,,,,"SRA000195, SRA000196",Targeted at archaea,,
AATTGGANTCAACGCCGG,CGRCRGCCATGYACCWC,17916733,,,16S,,,,,Targeted at archaea,,
CNACGCGAAGAACCTTANC,CGACAGCCATGCANCACCT,17916733,,,16S,,,,,Targeted at bacteria,,
CNACGCGAAGAACCTTANC,CGACAACCATGCANCACCT,17916733,,,16S,,,,,Targeted at bacteria,,
CNACGCGAAGAACCTTANC,CGACGGCCATGCANCACCT,17916733,,,16S,,,,,Targeted at bacteria,,
CNACGCGAAGAACCTTANC,CGACGACCATGCANCACCT,17916733,,,16S,,,,,Targeted at bacteria,,
CAACGCGAAAAACCTTACC,CGACAGCCATGCANCACCT,17916733,,,16S,,,,,Targeted at bacteria,,
CAACGCGAAAAACCTTACC,CGACAACCATGCANCACCT,17916733,,,16S,,,,,Targeted at bacteria,,
CAACGCGAAAAACCTTACC,CGACGGCCATGCANCACCT,17916733,,,16S,,,,,Targeted at bacteria,,
CAACGCGAAAAACCTTACC,CGACGACCATGCANCACCT,17916733,,,16S,,,,,Targeted at bacteria,,
CAACGCGCAGAACCTTACC,CGACAGCCATGCANCACCT,17916733,,,16S,,,,,Targeted at bacteria,,
CAACGCGCAGAACCTTACC,CGACAACCATGCANCACCT,17916733,,,16S,,,,,Targeted at bacteria,,
CAACGCGCAGAACCTTACC,CGACGGCCATGCANCACCT,17916733,,,16S,,,,,Targeted at bacteria,,
CAACGCGCAGAACCTTACC,CGACGACCATGCANCACCT,17916733,,,16S,,,,,Targeted at bacteria,,
ATACGCGARGAACCTTACC,CGACAGCCATGCANCACCT,17916733,,,16S,,,,,Targeted at bacteria,,
ATACGCGARGAACCTTACC,CGACAACCATGCANCACCT,17916733,,,16S,,,,,Targeted at bacteria,,
ATACGCGARGAACCTTACC,CGACGGCCATGCANCACCT,17916733,,,16S,,,,,Targeted at bacteria,,
ATACGCGARGAACCTTACC,CGACGACCATGCANCACCT,17916733,,,16S,,,,,Targeted at bacteria,,
CTAACCGANGAACCTYACC,CGACAGCCATGCANCACCT,17916733,,,16S,,,,,Targeted at bacteria,,
CTAACCGANGAACCTYACC,CGACAACCATGCANCACCT,17916733,,,16S,,,,,Targeted at bacteria,,
CTAACCGANGAACCTYACC,CGACGGCCATGCANCACCT,17916733,,,16S,,,,,Targeted at bacteria,,
CTAACCGANGAACCTYACC,CGACGACCATGCANCACCT,17916733,,,16S,,,,,Targeted at bacteria,,
CNACGCGAAGAACCTTANC,CGACAGCCATGCANCACCT,22003839,,,16S,,,GU235865-GU235875,,Targeted at bacteria,No pyrosequencing data available,
CNACGCGAAGAACCTTANC,CGACAACCATGCANCACCT,22003839,,,16S,,,,,Targeted at bacteria,,
CNACGCGAAGAACCTTANC,CGACGGCCATGCANCACCT,22003839,,,16S,,,,,Targeted at bacteria,,
CNACGCGAAGAACCTTANC,CGACGACCATGCANCACCT,22003839,,,16S,,,,,Targeted at bacteria,,
CAACGCGAAAAACCTTACC,CGACAGCCATGCANCACCT,22003839,,,16S,,,,,Targeted at bacteria,,
CAACGCGAAAAACCTTACC,CGACAACCATGCANCACCT,22003839,,,16S,,,,,Targeted at bacteria,,
CAACGCGAAAAACCTTACC,CGACGGCCATGCANCACCT,22003839,,,16S,,,,,Targeted at bacteria,,
CAACGCGAAAAACCTTACC,CGACGACCATGCANCACCT,22003839,,,16S,,,,,Targeted at bacteria,,
CAACGCGCAGAACCTTACC,CGACAGCCATGCANCACCT,22003839,,,16S,,,,,Targeted at bacteria,,
CAACGCGCAGAACCTTACC,CGACAACCATGCANCACCT,22003839,,,16S,,,,,Targeted at bacteria,,
CAACGCGCAGAACCTTACC,CGACGGCCATGCANCACCT,22003839,,,16S,,,,,Targeted at bacteria,,
CAACGCGCAGAACCTTACC,CGACGACCATGCANCACCT,22003839,,,16S,,,,,Targeted at bacteria,,
ATACGCGARGAACCTTACC,CGACAGCCATGCANCACCT,22003839,,,16S,,,,,Targeted at bacteria,,
ATACGCGARGAACCTTACC,CGACAACCATGCANCACCT,22003839,,,16S,,,,,Targeted at bacteria,,
ATACGCGARGAACCTTACC,CGACGGCCATGCANCACCT,22003839,,,16S,,,,,Targeted at bacteria,,
ATACGCGARGAACCTTACC,CGACGACCATGCANCACCT,22003839,,,16S,,,,,Targeted at bacteria,,
CTAACCGANGAACCTYACC,CGACAGCCATGCANCACCT,22003839,,,16S,,,,,Targeted at bacteria,,
CTAACCGANGAACCTYACC,CGACAACCATGCANCACCT,22003839,,,16S,,,,,Targeted at bacteria,,
CTAACCGANGAACCTYACC,CGACGGCCATGCANCACCT,22003839,,,16S,,,,,Targeted at bacteria,,
CTAACCGANGAACCTYACC,CGACGACCATGCANCACCT,22003839,,,16S,,,,,Targeted at bacteria,,
GAGTTTGATCMTGGCTCAG,WTTACCGCGGCTGCTGG,20532761,,,16S,,,GU594281–GU594292,,,,
AATTGGANTCAACGCCGG,CGRCRGCCATGYACCWC,19829318,,,16S,,,,SRA009836,Targeted at bacteria,,
CNACGCGAAGAACCTTANC,CGACAGCCATGCANCACCT,19829318,,,16S,,,,,Targeted at bacteria,,
CNACGCGAAGAACCTTANC,CGACAACCATGCANCACCT,19829318,,,16S,,,,,Targeted at bacteria,,
CNACGCGAAGAACCTTANC,CGACGGCCATGCANCACCT,19829318,,,16S,,,,,Targeted at bacteria,,
CNACGCGAAGAACCTTANC,CGACGACCATGCANCACCT,19829318,,,16S,,,,,Targeted at bacteria,,
CAACGCGAAAAACCTTACC,CGACAGCCATGCANCACCT,19829318,,,16S,,,,,Targeted at bacteria,,
CAACGCGAAAAACCTTACC,CGACAACCATGCANCACCT,19829318,,,16S,,,,,Targeted at bacteria,,
CAACGCGAAAAACCTTACC,CGACGGCCATGCANCACCT,19829318,,,16S,,,,,Targeted at bacteria,,
CAACGCGAAAAACCTTACC,CGACGACCATGCANCACCT,19829318,,,16S,,,,,Targeted at bacteria,,
CAACGCGCAGAACCTTACC,CGACAGCCATGCANCACCT,19829318,,,16S,,,,,Targeted at bacteria,,
CAACGCGCAGAACCTTACC,CGACAACCATGCANCACCT,19829318,,,16S,,,,,Targeted at bacteria,,
CAACGCGCAGAACCTTACC,CGACGGCCATGCANCACCT,19829318,,,16S,,,,,Targeted at bacteria,,
CAACGCGCAGAACCTTACC,CGACGACCATGCANCACCT,19829318,,,16S,,,,,Targeted at bacteria,,
ATACGCGARGAACCTTACC,CGACAGCCATGCANCACCT,19829318,,,16S,,,,,Targeted at bacteria,,
ATACGCGARGAACCTTACC,CGACAACCATGCANCACCT,19829318,,,16S,,,,,Targeted at bacteria,,
ATACGCGARGAACCTTACC,CGACGGCCATGCANCACCT,19829318,,,16S,,,,,Targeted at bacteria,,
ATACGCGARGAACCTTACC,CGACGACCATGCANCACCT,19829318,,,16S,,,,,Targeted at bacteria,,
CTAACCGANGAACCTYACC,CGACAGCCATGCANCACCT,19829318,,,16S,,,,,Targeted at bacteria,,
CTAACCGANGAACCTYACC,CGACAACCATGCANCACCT,19829318,,,16S,,,,,Targeted at bacteria,,
CTAACCGANGAACCTYACC,CGACGGCCATGCANCACCT,19829318,,,16S,,,,,Targeted at bacteria,,
CTAACCGANGAACCTYACC,CGACGACCATGCANCACCT,19829318,,,16S,,,,,Targeted at bacteria,,
AGA GTT TGA TCM TGG CTC AG,TAC GGY TAC CTT GTT ACG ACT T,,10.1007/s00300-011-1084-0,,16S,,,FN811185–FN811267 and FR666700. ,,,,
# Can't copy and paste primers so eh,,,,,,,,,SRP000903,,,
CCCTACGGGGCGCAGCAG,GGATTACARGATTTCAC,22587395,,,16S,,,,,No sequences available,,
GTGCCAGCMGCCGCGG,GTGCCAGCMGCCGCGGCCGTCAATTCMTTTRAGTTT,21346791,,,16S,"34°58′54′′N, 97°31′14′′W",,,,No sequences available,,
"Bacterial and archaeal 16S rDNA genes were amplified using the set of primers 27f-GC/518r (Muyzer et al., 1993) and 934f-GC/1386r, respectively (Skillman et al., 2004).",,22648129,,,16S,"2°53′12′′E, 45°",,,,,,
#TCCTACGGGAGGCAGCAGT,GGACTACCAGGGTATCTAATCCTGTT,22573345,,,16S,,Stool sample,,,qPCR not amplicon,,
#AAGGGATTTGCACCCAACAC,GACCACAGTTAGGACCCTCTGG,22573345,,,rpoB,,,,,qPCR not amplicon,,
ACT GCT CAG TAA CAC GT,ATC GTA TTA CCG CGG CTG CTG GCA,22565329,,,16S,,anaerobic bioreactor,HE648042 to HE648052,,,,
CGG CTA CCT TGT TAC GAC,ACK GCT CAG TAA CAC GT,22565329,,,16S,,anaerobic bioreactor,,,,,
GTT TGA TCC TGG CTC AG,CGG CTA CCT TGT TAC GAC,17374128,,,16S,,,DQ339700–DQ339721.,,Targeted at bacteria,,
ACK GCT CAG TAA CAC GT,CGG CTA CCT TGT TAC GAC,17374128,,,16S,,,,,Targeted at archaea,,
AGAGTTTGATCCTGGCTCAG,TGCTGCCTCCCGTAGGAGT,20561020,,,16S,,arctic,,,No sequences available,Forward primer 27F taken from 19004758,Reverse primer 338r taken from 19004758
AGAGTTTGATCCTGGCTCAG,ACGGGCGGTGTGTACA,17922769,,,16S,,"Arctic permafrost soil from Spitsbergen, Northern Norway","EF034156–EF034955, EF034956–EF035006, EF451631–EF451787",,,Forward primer 27F taken from 19004758,
AGAGTTTGATCCTGGCTCAG,CTACCAGGGTATCTAATCC,19025556,,,16S,,Canadian high Arctic.,"EU218635-EU218837, EU218838-EU218875",,Targeted at bacteria,Forward primer 27F taken from 17313587,Reverse primer 758R taken from 17313587
ACK GCT CAG TAA CAC GT,GTG CTC CCC CGC CAA TTC CT,19025556,,,16S,,,EU218553-EU218634,,Targeted at archaea,nested pcr primer set 1,
ACG GGG TGC AGC AGG CGC GA,GTG CTC CCC CGC CAA TTC CT,19025556,,,16S,,,,,Targeted at archaea,nested pcr primer set 2,
AGAGTTTGATCCTGGCTCAG,CTACCAGGGTATCTAATCC,17313587,,,16S,,,"DQ444972–DQ444994, DQ444995–DQ445037, DQ445038–DQ445048",,Targeted at bacteria,,
TCCAGGCCCTACGGG,GTGCTCCCCCGCCAATTCCT,17313587,,,16S,,,,,Targeted at archaea,,
,,20393573,,,16S,"80°0.029 N, 85°50.367 W",,,SRA010889.6,,primers not obvious,
GGNGACTGGGACTTCTGG,CCGGMGCAACGTCYTTACC,21847510,,,pmoA,"37°37′ N, 101°12′ E",,,,,,
CCTAYGGGGYGCASCAG,GGCCATGCACYWCYTCTC,,10.1111/j.1758-2229.2011.00282.x,,16S,,,,SRX089090,1000R primer taken from Gantner et al 2011,,
AGAGTTTGATCCTGGCTCAG,ATTACCGCGGCTGCTGG,22670891,,,16S,11°38’221” East; 47°34’50” North,,, SRP009837,,,